[
   {
      "iso":"TR",
      "name":"Türkiye",
      "phone_code":"90"
   },
   {
      "iso":"AF",
      "name":"Afghanistan",
      "phone_code":"93"
   },
   {
      "iso":"AL",
      "name":"Albania",
      "phone_code":"355"
   },
   {
      "iso":"DZ",
      "name":"Algeria",
      "phone_code":"213"
   },
   {
      "iso":"AS",
      "name":"American Samoa",
      "phone_code":"1684"
   },
   {
      "iso":"AD",
      "name":"Andorra",
      "phone_code":"376"
   },
   {
      "iso":"AO",
      "name":"Angola",
      "phone_code":"244"
   },
   {
      "iso":"AI",
      "name":"Anguilla",
      "phone_code":"1264"
   },
   {
      "iso":"AQ",
      "name":"Antarctica",
      "phone_code":"0"
   },
   {
      "iso":"AG",
      "name":"Antigua And Barbuda",
      "phone_code":"1268"
   },
   {
      "iso":"AR",
      "name":"Argentina",
      "phone_code":"54"
   },
   {
      "iso":"AM",
      "name":"Armenia",
      "phone_code":"374"
   },
   {
      "iso":"AW",
      "name":"Aruba",
      "phone_code":"297"
   },
   {
      "iso":"AU",
      "name":"Australia",
      "phone_code":"61"
   },
   {
      "iso":"AT",
      "name":"Austria",
      "phone_code":"43"
   },
   {
      "iso":"AZ",
      "name":"Azerbaijan",
      "phone_code":"994"
   },
   {
      "iso":"BS",
      "name":"Bahamas The",
      "phone_code":"1242"
   },
   {
      "iso":"BH",
      "name":"Bahrain",
      "phone_code":"973"
   },
   {
      "iso":"BD",
      "name":"Bangladesh",
      "phone_code":"880"
   },
   {
      "iso":"BB",
      "name":"Barbados",
      "phone_code":"1246"
   },
   {
      "iso":"BY",
      "name":"Belarus",
      "phone_code":"375"
   },
   {
      "iso":"BE",
      "name":"Belgium",
      "phone_code":"32"
   },
   {
      "iso":"BZ",
      "name":"Belize",
      "phone_code":"501"
   },
   {
      "iso":"BJ",
      "name":"Benin",
      "phone_code":"229"
   },
   {
      "iso":"BM",
      "name":"Bermuda",
      "phone_code":"1441"
   },
   {
      "iso":"BT",
      "name":"Bhutan",
      "phone_code":"975"
   },
   {
      "iso":"BO",
      "name":"Bolivia",
      "phone_code":"591"
   },
   {
      "iso":"BA",
      "name":"Bosnia and Herzegovina",
      "phone_code":"387"
   },
   {
      "iso":"BW",
      "name":"Botswana",
      "phone_code":"267"
   },
   {
      "iso":"BV",
      "name":"Bouvet Island",
      "phone_code":"0"
   },
   {
      "iso":"BR",
      "name":"Brazil",
      "phone_code":"55"
   },
   {
      "iso":"IO",
      "name":"British Indian Ocean Territory",
      "phone_code":"246"
   },
   {
      "iso":"BN",
      "name":"Brunei",
      "phone_code":"673"
   },
   {
      "iso":"BG",
      "name":"Bulgaria",
      "phone_code":"359"
   },
   {
      "iso":"BF",
      "name":"Burkina Faso",
      "phone_code":"226"
   },
   {
      "iso":"BI",
      "name":"Burundi",
      "phone_code":"257"
   },
   {
      "iso":"KH",
      "name":"Cambodia",
      "phone_code":"855"
   },
   {
      "iso":"CM",
      "name":"Cameroon",
      "phone_code":"237"
   },
   {
      "iso":"CA",
      "name":"Canada",
      "phone_code":"1"
   },
   {
      "iso":"CV",
      "name":"Cape Verde",
      "phone_code":"238"
   },
   {
      "iso":"KY",
      "name":"Cayman Islands",
      "phone_code":"1345"
   },
   {
      "iso":"CF",
      "name":"Central African Republic",
      "phone_code":"236"
   },
   {
      "iso":"TD",
      "name":"Chad",
      "phone_code":"235"
   },
   {
      "iso":"CL",
      "name":"Chile",
      "phone_code":"56"
   },
   {
      "iso":"CN",
      "name":"China",
      "phone_code":"86"
   },
   {
      "iso":"CX",
      "name":"Christmas Island",
      "phone_code":"61"
   },
   {
      "iso":"CC",
      "name":"Cocos (Keeling) Islands",
      "phone_code":"672"
   },
   {
      "iso":"CO",
      "name":"Colombia",
      "phone_code":"57"
   },
   {
      "iso":"KM",
      "name":"Comoros",
      "phone_code":"269"
   },
   {
      "iso":"CG",
      "name":"Republic Of The Congo",
      "phone_code":"242"
   },
   {
      "iso":"CD",
      "name":"Democratic Republic Of The Congo",
      "phone_code":"242"
   },
   {
      "iso":"CK",
      "name":"Cook Islands",
      "phone_code":"682"
   },
   {
      "iso":"CR",
      "name":"Costa Rica",
      "phone_code":"506"
   },
   {
      "iso":"CI",
      "name":"Cote D\\'Ivoire (Ivory Coast)",
      "phone_code":"225"
   },
   {
      "iso":"HR",
      "name":"Croatia (Hrvatska)",
      "phone_code":"385"
   },
   {
      "iso":"CU",
      "name":"Cuba",
      "phone_code":"53"
   },
   {
      "iso":"CY",
      "name":"Cyprus",
      "phone_code":"357"
   },
   {
      "iso":"CZ",
      "name":"Czech Republic",
      "phone_code":"420"
   },
   {
      "iso":"DK",
      "name":"Denmark",
      "phone_code":"45"
   },
   {
      "iso":"DJ",
      "name":"Djibouti",
      "phone_code":"253"
   },
   {
      "iso":"DM",
      "name":"Dominica",
      "phone_code":"1767"
   },
   {
      "iso":"DO",
      "name":"Dominican Republic",
      "phone_code":"1809"
   },
   {
      "iso":"TP",
      "name":"East Timor",
      "phone_code":"670"
   },
   {
      "iso":"EC",
      "name":"Ecuador",
      "phone_code":"593"
   },
   {
      "iso":"EG",
      "name":"Egypt",
      "phone_code":"20"
   },
   {
      "iso":"SV",
      "name":"El Salvador",
      "phone_code":"503"
   },
   {
      "iso":"GQ",
      "name":"Equatorial Guinea",
      "phone_code":"240"
   },
   {
      "iso":"ER",
      "name":"Eritrea",
      "phone_code":"291"
   },
   {
      "iso":"EE",
      "name":"Estonia",
      "phone_code":"372"
   },
   {
      "iso":"ET",
      "name":"Ethiopia",
      "phone_code":"251"
   },
   {
      "iso":"XA",
      "name":"External Territories of Australia",
      "phone_code":"61"
   },
   {
      "iso":"FK",
      "name":"Falkland Islands",
      "phone_code":"500"
   },
   {
      "iso":"FO",
      "name":"Faroe Islands",
      "phone_code":"298"
   },
   {
      "iso":"FJ",
      "name":"Fiji Islands",
      "phone_code":"679"
   },
   {
      "iso":"FI",
      "name":"Finland",
      "phone_code":"358"
   },
   {
      "iso":"FR",
      "name":"France",
      "phone_code":"33"
   },
   {
      "iso":"GF",
      "name":"French Guiana",
      "phone_code":"594"
   },
   {
      "iso":"PF",
      "name":"French Polynesia",
      "phone_code":"689"
   },
   {
      "iso":"TF",
      "name":"French Southern Territories",
      "phone_code":"0"
   },
   {
      "iso":"GA",
      "name":"Gabon",
      "phone_code":"241"
   },
   {
      "iso":"GM",
      "name":"Gambia The",
      "phone_code":"220"
   },
   {
      "iso":"GE",
      "name":"Georgia",
      "phone_code":"995"
   },
   {
      "iso":"DE",
      "name":"Germany",
      "phone_code":"49"
   },
   {
      "iso":"GH",
      "name":"Ghana",
      "phone_code":"233"
   },
   {
      "iso":"GI",
      "name":"Gibraltar",
      "phone_code":"350"
   },
   {
      "iso":"GR",
      "name":"Greece",
      "phone_code":"30"
   },
   {
      "iso":"GL",
      "name":"Greenland",
      "phone_code":"299"
   },
   {
      "iso":"GD",
      "name":"Grenada",
      "phone_code":"1473"
   },
   {
      "iso":"GP",
      "name":"Guadeloupe",
      "phone_code":"590"
   },
   {
      "iso":"GU",
      "name":"Guam",
      "phone_code":"1671"
   },
   {
      "iso":"GT",
      "name":"Guatemala",
      "phone_code":"502"
   },
   {
      "iso":"XU",
      "name":"Guernsey and Alderney",
      "phone_code":"44"
   },
   {
      "iso":"GN",
      "name":"Guinea",
      "phone_code":"224"
   },
   {
      "iso":"GW",
      "name":"Guinea-Bissau",
      "phone_code":"245"
   },
   {
      "iso":"GY",
      "name":"Guyana",
      "phone_code":"592"
   },
   {
      "iso":"HT",
      "name":"Haiti",
      "phone_code":"509"
   },
   {
      "iso":"HM",
      "name":"Heard and McDonald Islands",
      "phone_code":"0"
   },
   {
      "iso":"HN",
      "name":"Honduras",
      "phone_code":"504"
   },
   {
      "iso":"HK",
      "name":"Hong Kong S.A.R.",
      "phone_code":"852"
   },
   {
      "iso":"HU",
      "name":"Hungary",
      "phone_code":"36"
   },
   {
      "iso":"IS",
      "name":"Iceland",
      "phone_code":"354"
   },
   {
      "iso":"IN",
      "name":"India",
      "phone_code":"91"
   },
   {
      "iso":"ID",
      "name":"Indonesia",
      "phone_code":"62"
   },
   {
      "iso":"IR",
      "name":"Iran",
      "phone_code":"98"
   },
   {
      "iso":"IQ",
      "name":"Iraq",
      "phone_code":"964"
   },
   {
      "iso":"IE",
      "name":"Ireland",
      "phone_code":"353"
   },
   {
      "iso":"IL",
      "name":"Israel",
      "phone_code":"972"
   },
   {
      "iso":"IT",
      "name":"Italy",
      "phone_code":"39"
   },
   {
      "iso":"JM",
      "name":"Jamaica",
      "phone_code":"1876"
   },
   {
      "iso":"JP",
      "name":"Japan",
      "phone_code":"81"
   },
   {
      "iso":"XJ",
      "name":"Jersey",
      "phone_code":"44"
   },
   {
      "iso":"JO",
      "name":"Jordan",
      "phone_code":"962"
   },
   {
      "iso":"KZ",
      "name":"Kazakhstan",
      "phone_code":"7"
   },
   {
      "iso":"KE",
      "name":"Kenya",
      "phone_code":"254"
   },
   {
      "iso":"KI",
      "name":"Kiribati",
      "phone_code":"686"
   },
   {
      "iso":"KP",
      "name":"Korea North",
      "phone_code":"850"
   },
   {
      "iso":"KR",
      "name":"Korea South",
      "phone_code":"82"
   },
   {
      "iso":"KW",
      "name":"Kuwait",
      "phone_code":"965"
   },
   {
      "iso":"KG",
      "name":"Kyrgyzstan",
      "phone_code":"996"
   },
   {
      "iso":"LA",
      "name":"Laos",
      "phone_code":"856"
   },
   {
      "iso":"LV",
      "name":"Latvia",
      "phone_code":"371"
   },
   {
      "iso":"LB",
      "name":"Lebanon",
      "phone_code":"961"
   },
   {
      "iso":"LS",
      "name":"Lesotho",
      "phone_code":"266"
   },
   {
      "iso":"LR",
      "name":"Liberia",
      "phone_code":"231"
   },
   {
      "iso":"LY",
      "name":"Libya",
      "phone_code":"218"
   },
   {
      "iso":"LI",
      "name":"Liechtenstein",
      "phone_code":"423"
   },
   {
      "iso":"LT",
      "name":"Lithuania",
      "phone_code":"370"
   },
   {
      "iso":"LU",
      "name":"Luxembourg",
      "phone_code":"352"
   },
   {
      "iso":"MO",
      "name":"Macau S.A.R.",
      "phone_code":"853"
   },
   {
      "iso":"MK",
      "name":"Macedonia",
      "phone_code":"389"
   },
   {
      "iso":"MG",
      "name":"Madagascar",
      "phone_code":"261"
   },
   {
      "iso":"MW",
      "name":"Malawi",
      "phone_code":"265"
   },
   {
      "iso":"MY",
      "name":"Malaysia",
      "phone_code":"60"
   },
   {
      "iso":"MV",
      "name":"Maldives",
      "phone_code":"960"
   },
   {
      "iso":"ML",
      "name":"Mali",
      "phone_code":"223"
   },
   {
      "iso":"MT",
      "name":"Malta",
      "phone_code":"356"
   },
   {
      "iso":"XM",
      "name":"Man (Isle of)",
      "phone_code":"44"
   },
   {
      "iso":"MH",
      "name":"Marshall Islands",
      "phone_code":"692"
   },
   {
      "iso":"MQ",
      "name":"Martinique",
      "phone_code":"596"
   },
   {
      "iso":"MR",
      "name":"Mauritania",
      "phone_code":"222"
   },
   {
      "iso":"MU",
      "name":"Mauritius",
      "phone_code":"230"
   },
   {
      "iso":"YT",
      "name":"Mayotte",
      "phone_code":"269"
   },
   {
      "iso":"MX",
      "name":"Mexico",
      "phone_code":"52"
   },
   {
      "iso":"FM",
      "name":"Micronesia",
      "phone_code":"691"
   },
   {
      "iso":"MD",
      "name":"Moldova",
      "phone_code":"373"
   },
   {
      "iso":"MC",
      "name":"Monaco",
      "phone_code":"377"
   },
   {
      "iso":"MN",
      "name":"Mongolia",
      "phone_code":"976"
   },
   {
      "iso":"MS",
      "name":"Montserrat",
      "phone_code":"1664"
   },
   {
      "iso":"MA",
      "name":"Morocco",
      "phone_code":"212"
   },
   {
      "iso":"MZ",
      "name":"Mozambique",
      "phone_code":"258"
   },
   {
      "iso":"MM",
      "name":"Myanmar",
      "phone_code":"95"
   },
   {
      "iso":"NA",
      "name":"Namibia",
      "phone_code":"264"
   },
   {
      "iso":"NR",
      "name":"Nauru",
      "phone_code":"674"
   },
   {
      "iso":"NP",
      "name":"Nepal",
      "phone_code":"977"
   },
   {
      "iso":"AN",
      "name":"Netherlands Antilles",
      "phone_code":"599"
   },
   {
      "iso":"NL",
      "name":"Netherlands The",
      "phone_code":"31"
   },
   {
      "iso":"NC",
      "name":"New Caledonia",
      "phone_code":"687"
   },
   {
      "iso":"NZ",
      "name":"New Zealand",
      "phone_code":"64"
   },
   {
      "iso":"NI",
      "name":"Nicaragua",
      "phone_code":"505"
   },
   {
      "iso":"NE",
      "name":"Niger",
      "phone_code":"227"
   },
   {
      "iso":"NG",
      "name":"Nigeria",
      "phone_code":"234"
   },
   {
      "iso":"NU",
      "name":"Niue",
      "phone_code":"683"
   },
   {
      "iso":"NF",
      "name":"Norfolk Island",
      "phone_code":"672"
   },
   {
      "iso":"MP",
      "name":"Northern Mariana Islands",
      "phone_code":"1670"
   },
   {
      "iso":"NO",
      "name":"Norway",
      "phone_code":"47"
   },
   {
      "iso":"OM",
      "name":"Oman",
      "phone_code":"968"
   },
   {
      "iso":"PK",
      "name":"Pakistan",
      "phone_code":"92"
   },
   {
      "iso":"PW",
      "name":"Palau",
      "phone_code":"680"
   },
   {
      "iso":"PS",
      "name":"Palestinian Territory Occupied",
      "phone_code":"970"
   },
   {
      "iso":"PA",
      "name":"Panama",
      "phone_code":"507"
   },
   {
      "iso":"PG",
      "name":"Papua new Guinea",
      "phone_code":"675"
   },
   {
      "iso":"PY",
      "name":"Paraguay",
      "phone_code":"595"
   },
   {
      "iso":"PE",
      "name":"Peru",
      "phone_code":"51"
   },
   {
      "iso":"PH",
      "name":"Philippines",
      "phone_code":"63"
   },
   {
      "iso":"PN",
      "name":"Pitcairn Island",
      "phone_code":"0"
   },
   {
      "iso":"PL",
      "name":"Poland",
      "phone_code":"48"
   },
   {
      "iso":"PT",
      "name":"Portugal",
      "phone_code":"351"
   },
   {
      "iso":"PR",
      "name":"Puerto Rico",
      "phone_code":"1787"
   },
   {
      "iso":"QA",
      "name":"Qatar",
      "phone_code":"974"
   },
   {
      "iso":"RE",
      "name":"Reunion",
      "phone_code":"262"
   },
   {
      "iso":"RO",
      "name":"Romania",
      "phone_code":"40"
   },
   {
      "iso":"RU",
      "name":"Russia",
      "phone_code":"70"
   },
   {
      "iso":"RW",
      "name":"Rwanda",
      "phone_code":"250"
   },
   {
      "iso":"SH",
      "name":"Saint Helena",
      "phone_code":"290"
   },
   {
      "iso":"KN",
      "name":"Saint Kitts And Nevis",
      "phone_code":"1869"
   },
   {
      "iso":"LC",
      "name":"Saint Lucia",
      "phone_code":"1758"
   },
   {
      "iso":"PM",
      "name":"Saint Pierre and Miquelon",
      "phone_code":"508"
   },
   {
      "iso":"VC",
      "name":"Saint Vincent And The Grenadines",
      "phone_code":"1784"
   },
   {
      "iso":"WS",
      "name":"Samoa",
      "phone_code":"684"
   },
   {
      "iso":"SM",
      "name":"San Marino",
      "phone_code":"378"
   },
   {
      "iso":"ST",
      "name":"Sao Tome and Principe",
      "phone_code":"239"
   },
   {
      "iso":"SA",
      "name":"Saudi Arabia",
      "phone_code":"966"
   },
   {
      "iso":"SN",
      "name":"Senegal",
      "phone_code":"221"
   },
   {
      "iso":"RS",
      "name":"Serbia",
      "phone_code":"381"
   },
   {
      "iso":"SC",
      "name":"Seychelles",
      "phone_code":"248"
   },
   {
      "iso":"SL",
      "name":"Sierra Leone",
      "phone_code":"232"
   },
   {
      "iso":"SG",
      "name":"Singapore",
      "phone_code":"65"
   },
   {
      "iso":"SK",
      "name":"Slovakia",
      "phone_code":"421"
   },
   {
      "iso":"SI",
      "name":"Slovenia",
      "phone_code":"386"
   },
   {
      "iso":"XG",
      "name":"Smaller Territories of the UK",
      "phone_code":"44"
   },
   {
      "iso":"SB",
      "name":"Solomon Islands",
      "phone_code":"677"
   },
   {
      "iso":"SO",
      "name":"Somalia",
      "phone_code":"252"
   },
   {
      "iso":"ZA",
      "name":"South Africa",
      "phone_code":"27"
   },
   {
      "iso":"GS",
      "name":"South Georgia",
      "phone_code":"0"
   },
   {
      "iso":"SS",
      "name":"South Sudan",
      "phone_code":"211"
   },
   {
      "iso":"ES",
      "name":"Spain",
      "phone_code":"34"
   },
   {
      "iso":"LK",
      "name":"Sri Lanka",
      "phone_code":"94"
   },
   {
      "iso":"SD",
      "name":"Sudan",
      "phone_code":"249"
   },
   {
      "iso":"SR",
      "name":"Suriname",
      "phone_code":"597"
   },
   {
      "iso":"SJ",
      "name":"Svalbard And Jan Mayen Islands",
      "phone_code":"47"
   },
   {
      "iso":"SZ",
      "name":"Swaziland",
      "phone_code":"268"
   },
   {
      "iso":"SE",
      "name":"Sweden",
      "phone_code":"46"
   },
   {
      "iso":"CH",
      "name":"Switzerland",
      "phone_code":"41"
   },
   {
      "iso":"SY",
      "name":"Syria",
      "phone_code":"963"
   },
   {
      "iso":"TW",
      "name":"Taiwan",
      "phone_code":"886"
   },
   {
      "iso":"TJ",
      "name":"Tajikistan",
      "phone_code":"992"
   },
   {
      "iso":"TZ",
      "name":"Tanzania",
      "phone_code":"255"
   },
   {
      "iso":"TH",
      "name":"Thailand",
      "phone_code":"66"
   },
   {
      "iso":"TG",
      "name":"Togo",
      "phone_code":"228"
   },
   {
      "iso":"TK",
      "name":"Tokelau",
      "phone_code":"690"
   },
   {
      "iso":"TO",
      "name":"Tonga",
      "phone_code":"676"
   },
   {
      "iso":"TT",
      "name":"Trinidad And Tobago",
      "phone_code":"1868"
   },
   {
      "iso":"TN",
      "name":"Tunisia",
      "phone_code":"216"
   },
   {
      "iso":"TM",
      "name":"Turkmenistan",
      "phone_code":"7370"
   },
   {
      "iso":"TC",
      "name":"Turks And Caicos Islands",
      "phone_code":"1649"
   },
   {
      "iso":"TV",
      "name":"Tuvalu",
      "phone_code":"688"
   },
   {
      "iso":"UG",
      "name":"Uganda",
      "phone_code":"256"
   },
   {
      "iso":"UA",
      "name":"Ukraine",
      "phone_code":"380"
   },
   {
      "iso":"AE",
      "name":"United Arab Emirates",
      "phone_code":"971"
   },
   {
      "iso":"GB",
      "name":"United Kingdom",
      "phone_code":"44"
   },
   {
      "iso":"US",
      "name":"United States",
      "phone_code":"1"
   },
   {
      "iso":"UM",
      "name":"United States Minor Outlying Islands",
      "phone_code":"1"
   },
   {
      "iso":"UY",
      "name":"Uruguay",
      "phone_code":"598"
   },
   {
      "iso":"UZ",
      "name":"Uzbekistan",
      "phone_code":"998"
   },
   {
      "iso":"VU",
      "name":"Vanuatu",
      "phone_code":"678"
   },
   {
      "iso":"VA",
      "name":"Vatican City State (Holy See)",
      "phone_code":"39"
   },
   {
      "iso":"VE",
      "name":"Venezuela",
      "phone_code":"58"
   },
   {
      "iso":"VN",
      "name":"Vietnam",
      "phone_code":"84"
   },
   {
      "iso":"VG",
      "name":"Virgin Islands (British)",
      "phone_code":"1284"
   },
   {
      "iso":"VI",
      "name":"Virgin Islands (US)",
      "phone_code":"1340"
   },
   {
      "iso":"WF",
      "name":"Wallis And Futuna Islands",
      "phone_code":"681"
   },
   {
      "iso":"EH",
      "name":"Western Sahara",
      "phone_code":"212"
   },
   {
      "iso":"YE",
      "name":"Yemen",
      "phone_code":"967"
   },
   {
      "iso":"YU",
      "name":"Yugoslavia",
      "phone_code":"38"
   },
   {
      "iso":"ZM",
      "name":"Zambia",
      "phone_code":"260"
   },
   {
      "iso":"ZW",
      "name":"Zimbabwe",
      "phone_code":"263"
   }
]